<| <
>|> 
 man. | manufacturing 
 bros. | brothers 
 ext. | extr 
 bk | bank 
.| 
. | 
 .| 
 . | 
 s a | sa 
 p l c | plc 
 n v | nv 
 s t | st 
 a s | as 
 a s a | asa 
 l t d | ltd 
 s p a | spa 
 c h | ch 
 a g | ag 
 m p | mp 
 s c a | sca 
 i m a | ima 
 a g | ag 
 d e | de 
 s c a | sca 
 a g | ag 
 u k | uk 
 i m a | ima 
 c a t | cat 
 a t | at 
 e v | ev 
 l p | lp 
 a o | ao 
 a c | ac 
 a h | ah 
 s a b | sab 
 u s a | usa 
 s a a | saa 
 a m | am 
 c v | cv 
 b w p | bwp 
 b o s | bos 
 l l c | llc 
 a v | av 
 - | 
- | 
 -| 
-| 
/| 
'|
`|
©|
[| [ 
]| ] 
®|
�|
?| ?
#|
:| 
,| 
*| 
(| 
)| 
 + |+
+ |+
 +|+
 und | and 
 & | and 
&| and 
Æ|ae
é|e
à|a
è|e
’|'
ù|u
ù|u
ê|e
î|i
ô|o
û|u
ç|c
ö|o
â|a
ñ|n
ø|o
¢|c
ü|u
ó|o
æ|a
ä|a
 trst | trust 
 ind | industry 
 inds | industry 
 industries | industry 
 industies | industry 
 industrial | industry 
 ctrs | center 
 bancorp | bank 
 bancorps | bank 
 tech systems | techsystems 
 techsys | techsystems 
 techsyss | techsystems 
 noble | nobel 
 engy | energy 
 svcs | service 
 serv | service 
 mnftng | manufacturing 
 mfg | manufacturing 
 manufactg | manufacturing 
 manufact | manufacturing 
 sys | system 
 syss | system 
production|product
 pdts | product 
 prod | product 
 prods | product 
 products | product 
 glbl | global 
 gbl | global 
 co | company 
 corp | coporation 
 corps | coporation 
 lucerne | lucerner 
craation|creation
 ltd | limited 
 cirdit | credit 
 crdt | credit 
 african | africa 
 american | america 
 grp | group 
 groupe | group 
 associated | associate 
 aroports | aeroport 
 aeroports | aeroport 
 hholiding | holding 
 hldgs | holding 
 holdg | holding 
 hldg | holding 
technologie |technology 
technologies |technology 
 tech | technology 
 techn | technology 
 luebbe | lubbe 
 catellum | castellum 
 dailmer | daimler 
 fonciere | foncire 
 properties | property 
 ppties | property 
 kungleden | kungsleden 
 lagardere | lagardre 
 elctrica | electrica 
 electronics | electronic 
 suess | suss 
 aloa | alcoa 
 mgmt | management 
 inc s | inc 
 incorporated | inc 
 corporate | coporation 
 cntry | country 
 laboratories | lab 
 laboratory | lab 
 strategies | strategy 
 amer | america 
 comm | communication 
 aceto | acet 
 health care | healthcare 
 ancestry| ancenstry
 intl | international 
 estae | estate 
 est | estate 
 ntwk | network 
 automated | automatic 
 invt | invest 
 investment | invest 
 investments | invest 
 entmnt | entertainment 
 entertain | entertainment 
 entn | entertainment 
 aeerna | aeterna 
 fincl | financial 
 fnl | financial 
 finl | financial 
 fncl | financial 
 finance | financial 
 securities | security 
 mtg | mortgage 
 mortg | mortgage 
 insur | insurance 
 fd | fund 
 advanced | advance 
 asssurant | assurant 
 akamai | akami 
 akam | akami 
 municipal | muni 
 calif | california 
 cali | california 
 albemale | albemarle 
 albermarle | albemarle 
 alico | alco 
 allegiant | align 
 life cycle | lifecycle 
 pharmaceutics | pharmaceutical 
 pharmaceuticals | pharmaceutical 
 pharms | pharmaceutical 
 pharm | pharmaceutical 
 pharmaceuticals | pharmaceutical 
 pharma | pharmaceutical 
 applied micro | appliedmicro 
 ptrs | partners 
 natl | national 
 bankshares | bankshrs 
 bioengrg | bioengineer 
 dividend | divid 
 dyn | dynamic 
 semicon | semiconductor 
 semi | semiconductor 
 semic | semiconductor 
 semicon | semiconductor 
 comml | commercial 
 ptfl | portfolio 
 gld | gold 
 alexo | alexco 
 apen | aspen 
 strat | strategy 
 strategies | strategy 
 enterp | enterprise 
 enterprises | enterprise 
 beckton | becton 
 rlty | realty 
 tr | trust 
 novia | nova 
 opportunites | opportunity 
 opportunities | opportunity  
 b of i | bofi 
 on line | online 
 brasil | brazil 
 bioreference | bio reference 
 residental | residential 
 telecommunications | telecom 
 telecomm | telecom 
 telecommunication | telecom 
 cmnty | community 
 rtn | return 
 b uffalo | buffalo 
 constr | construction 
 construct | construction 
 matrl | materials 
 stor | store 
 euro | european 
 europe | european 
 ret | return 
 ntrl | natural 
 corinthian | corinthinan 
 discovery | discover 
 yld | yield 
 d r | dr 
 mkts | market 
 markets | market 
 mkt | market 
 emer | emerging 
 incm | income 
 edu | educate  
 education | educate 
 fin | financial 
 gmng | gaming 
 este | estee 
 techs | technology 
 j p | jp 
 pdts | product 
 dly | daily 
 commun | communication 
 dur | duration 
 cellulose | celulos 
 celulosa | celulos 
 celulose | celulos 
 bancshr | bancshares 
 info | information 
 f n b | fnb 
 invs | invest 
 inco | income 
 mtn | mountain 
 fnl | financial 
 intelig | inteligentes 
 randgold | rangold 
 w r | wr 
 gldn | gold 
 golden | gold 
 halzyme | halozyme 
 sustnbl | sustainable 
 infra | infrastructure 
 infrast | infrastructure 
 infrastr | infrastructure 
 infrstr | infrastructure 
 elec | electric 
 ety | equity 
 hdgd | hedged 
 hedg | hedged 
 hdg | hedged 
 curr | currency 
 cur | currency 
 isha | ishares 
 ro | roads 
 h j | hj 
 entrpr | interprise 
 pref | prefer 
 preferred | prefer 
 investors | invest 
 investor | invest 
 inv | invest 
 value | vale 
 j b | jb 
 j c | jc 
 est | estate 
 l l c | llc 
 kroeger | kroger 
 lilly | lily 
 svc | service 
 ntl | national 
 v f | vf 
 enrgy | energy 
 hldg | holding 
 w p | wp 
 w r | wr 
 pte | privated 
